compute time:,22.43711566925049
first:,21254627
last:,21338609
21254627,21254633,21254647,21254677,21254689,21254707,21254729,21254789,21254797,21254813,21254819,21254839,21254861,21254867,21254887,21254903,21254923,21254929,21254957,21254963,21254993,21255019,21255061,21255077,21255079,21255103,21255107,21255127,21255133,21255161,21255203,21255209,21255217,21255239,21255257,21255263,21255277,21255293,21255301,21255307,21255317,21255323,21255329,21255361,21255383,21255401,21255407,21255419,21255431,21255439
21255449,21255467,21255497,21255529,21255541,21255557,21255569,21255581,21255587,21255607,21255613,21255653,21255673,21255679,21255721,21255727,21255733,21255743,21255757,21255761,21255791,21255799,21255821,21255823,21255833,21255853,21255859,21255919,21255931,21255947,21255973,21256013,21256033,21256057,21256087,21256099,21256129,21256153,21256229,21256247,21256253,21256259,21256283,21256303,21256309,21256321,21256331,21256369,21256379,21256397
21256399,21256447,21256457,21256471,21256481,21256517,21256519,21256523,21256541,21256559,21256567,21256591,21256597,21256633,21256637,21256661,21256673,21256679,21256691,21256693,21256709,21256717,21256721,21256733,21256751,21256757,21256771,21256777,21256799,21256813,21256841,21256843,21256847,21256867,21256909,21256931,21256997,21256999,21257003,21257011,21257017,21257053,21257059,21257077,21257101,21257107,21257141,21257177,21257189,21257209
21257237,21257251,21257273,21257279,21257281,21257297,21257303,21257323,21257347,21257407,21257417,21257419,21257461,21257473,21257479,21257491,21257519,21257521,21257549,21257563,21257569,21257581,21257651,21257669,21257671,21257689,21257699,21257729,21257737,21257749,21257767,21257779,21257791,21257801,21257807,21257809,21257843,21257849,21257851,21257857,21257881,21257893,21257923,21257927,21257933,21257963,21257969,21257993,21258001,21258023
21258059,21258101,21258121,21258151,21258173,21258191,21258199,21258253,21258301,21258329,21258331,21258361,21258373,21258401,21258407,21258431,21258437,21258443,21258481,21258487,21258527,21258539,21258547,21258563,21258569,21258583,21258613,21258649,21258659,21258661,21258667,21258689,21258691,21258733,21258751,21258767,21258779,21258781,21258791,21258793,21258817,21258833,21258847,21258859,21258863,21258871,21258907,21258917,21258973,21258977
21258983,21258997,21259009,21259013,21259037,21259093,21259099,21259103,21259123,21259141,21259151,21259159,21259177,21259193,21259219,21259223,21259253,21259261,21259283,21259313,21259321,21259327,21259363,21259373,21259387,21259417,21259439,21259471,21259487,21259493,21259507,21259517,21259531,21259543,21259549,21259559,21259561,21259573,21259603,21259627,21259657,21259663,21259669,21259681,21259691,21259699,21259709,21259729,21259739,21259757
21259783,21259789,21259801,21259807,21259829,21259873,21259891,21259897,21259913,21259919,21259957,21259961,21259963,21259967,21260003,21260011,21260021,21260039,21260051,21260077,21260087,21260101,21260117,21260137,21260153,21260171,21260177,21260191,21260207,21260209,21260227,21260233,21260273,21260279,21260287,21260293,21260299,21260321,21260329,21260359,21260377,21260413,21260417,21260419,21260429,21260431,21260443,21260483,21260501,21260521
21260527,21260531,21260549,21260609,21260621,21260623,21260647,21260651,21260663,21260669,21260711,21260749,21260797,21260801,21260807,21260819,21260843,21260849,21260851,21260881,21260887,21260891,21260917,21260971,21260983,21260989,21261029,21261041,21261059,21261077,21261091,21261103,21261113,21261127,21261137,21261161,21261179,21261187,21261193,21261211,21261217,21261239,21261241,21261259,21261277,21261283,21261287,21261293,21261337,21261377
21261403,21261413,21261433,21261463,21261481,21261511,21261517,21261563,21261571,21261593,21261601,21261607,21261613,21261623,21261631,21261659,21261671,21261677,21261697,21261701,21261707,21261767,21261787,21261797,21261803,21261809,21261811,21261827,21261839,21261869,21261871,21261887,21261941,21261943,21261953,21261971,21261973,21261979,21261991,21261997,21262009,21262049,21262057,21262061,21262069,21262093,21262103,21262117,21262147,21262183
21262211,21262229,21262237,21262247,21262289,21262301,21262321,21262357,21262363,21262399,21262411,21262429,21262433,21262453,21262459,21262469,21262519,21262541,21262543,21262547,21262561,21262589,21262601,21262627,21262643,21262663,21262669,21262673,21262687,21262697,21262711,21262727,21262751,21262757,21262789,21262819,21262837,21262841,21262849,21262853,21262859,21262877,21262883,21262897,21262909,21262939,21262949,21262979,21262999,21263041
21263057,21263059,21263083,21263089,21263093,21263149,21263153,21263161,21263167,21263171,21263173,21263183,21263191,21263213,21263233,21263237,21263239,21263267,21263279,21263309,21263353,21263357,21263369,21263377,21263383,21263399,21263443,21263449,21263453,21263471,21263497,21263503,21263507,21263519,21263533,21263537,21263579,21263587,21263621,21263623,21263647,21263663,21263677,21263701,21263713,21263729,21263731,21263743,21263761,21263773
21263779,21263797,21263819,21263867,21263897,21263899,21263903,21263909,21263927,21263933,21263941,21263959,21263987,21263993,21264017,21264031,21264037,21264053,21264071,21264073,21264079,21264101,21264119,21264149,21264151,21264157,21264203,21264209,21264223,21264239,21264241,21264251,21264293,21264323,21264349,21264361,21264371,21264379,21264391,21264413,21264421,21264427,21264449,21264461,21264479,21264487,21264497,21264521,21264541,21264559
21264563,21264577,21264583,21264587,21264601,21264613,21264689,21264703,21264709,21264769,21264787,21264797,21264809,21264829,21264847,21264851,21264863,21264869,21264871,21264889,21264911,21264913,21264923,21264931,21264959,21264979,21265001,21265043,21265051,21265067,21265093,21265129,21265151,21265159,21265171,21265217,21265219,21265241,21265253,21265259,21265273,21265301,21265303,21265337,21265373,21265397,21265399,21265441,21265459,21265523
21265529,21265537,21265549,21265553,21265577,21265603,21265619,21265631,21265633,21265661,21265663,21265669,21265681,21265687,21265697,21265709,21265747,21265771,21265781,21265789,21265817,21265819,21265831,21265837,21265847,21265859,21265873,21265877,21265889,21265891,21265897,21265913,21265943,21265957,21265967,21265999,21266017,21266029,21266033,21266039,21266051,21266059,21266071,21266087,21266117,21266129,21266171,21266173,21266207,21266213
21266239,21266291,21266293,21266299,21266317,21266321,21266327,21266389,21266393,21266407,21266411,21266449,21266471,21266503,21266519,21266521,21266551,21266561,21266603,21266611,21266617,21266629,21266633,21266669,21266731,21266737,21266753,21266761,21266771,21266783,21266797,21266807,21266849,21266867,21266873,21266887,21266891,21266911,21266929,21266941,21266951,21266953,21266977,21267011,21267031,21267041,21267047,21267049,21267053,21267067
21267079,21267083,21267091,21267107,21267133,21267149,21267161,21267227,21267247,21267263,21267371,21267383,21267401,21267437,21267439,21267443,21267451,21267461,21267487,21267497,21267503,21267509,21267523,21267577,21267583,21267613,21267619,21267679,21267683,21267689,21267713,21267721,21267737,21267761,21267769,21267773,21267791,21267793,21267803,21267823,21267839,21267853,21267863,21267871,21267881,21267887,21267899,21267913,21267919,21267941
21267989,21267997,21268001,21268019,21268033,21268057,21268061,21268073,21268097,21268099,21268103,21268129,21268147,21268151,21268153,21268157,21268171,21268183,21268193,21268213,21268231,21268249,21268253,21268259,21268267,21268271,21268297,21268327,21268361,21268363,21268369,21268421,21268427,21268441,21268453,21268469,21268493,21268517,21268553,21268567,21268579,21268591,21268613,21268631,21268661,21268679,21268691,21268699,21268727,21268757
21268763,21268777,21268787,21268801,21268823,21268829,21268837,21268867,21268879,21268889,21268901,21268903,21268909,21268927,21268937,21268943,21268967,21268991,21268993,21269009,21269033,21269077,21269099,21269123,21269137,21269147,21269161,21269177,21269197,21269233,21269243,21269251,21269263,21269293,21269299,21269321,21269357,21269359,21269401,21269449,21269467,21269471,21269527,21269537,21269551,21269593,21269597,21269609,21269623,21269639
21269657,21269659,21269681,21269713,21269719,21269741,21269747,21269777,21269819,21269827,21269837,21269849,21269851,21269863,21269879,21269903,21269909,21269921,21269923,21269947,21269953,21269957,21269959,21269971,21269981,21270017,21270023,21270037,21270071,21270089,21270113,21270121,21270133,21270143,21270157,21270163,21270167,21270173,21270181,21270187,21270191,21270217,21270233,21270269,21270299,21270307,21270323,21270373,21270397,21270401
21270407,21270413,21270439,21270511,21270527,21270533,21270539,21270547,21270551,21270559,21270569,21270583,21270589,21270593,21270629,21270643,21270673,21270679,21270707,21270713,21270719,21270751,21270763,21270773,21270779,21270797,21270811,21270817,21270827,21270871,21270877,21270881,21270919,21270941,21270947,21270971,21270973,21270979,21270983,21271009,21271027,21271039,21271043,21271057,21271079,21271139,21271141,21271153,21271163,21271183
21271207,21271223,21271231,21271247,21271253,21271259,21271277,21271319,21271331,21271339,21271351,21271379,21271381,21271409,21271423,21271429,21271451,21271483,21271499,21271501,21271519,21271553,21271567,21271637,21271643,21271667,21271699,21271721,21271727,21271739,21271751,21271787,21271837,21271841,21271843,21271883,21271891,21271903,21271931,21271937,21271949,21271951,21271961,21271969,21271973,21272011,21272021,21272023,21272047,21272099
21272101,21272123,21272129,21272149,21272177,21272179,21272183,21272189,21272213,21272269,21272291,21272297,21272311,21272323,21272327,21272333,21272351,21272357,21272359,21272371,21272411,21272429,21272437,21272441,21272443,21272453,21272473,21272477,21272483,21272507,21272527,21272561,21272579,21272611,21272617,21272621,21272681,21272683,21272707,21272731,21272759,21272803,21272819,21272821,21272843,21272947,21272971,21272987,21273011,21273013
21273017,21273019,21273023,21273061,21273067,21273071,21273073,21273097,21273101,21273107,21273121,21273127,21273139,21273143,21273157,21273169,21273181,21273191,21273253,21273257,21273271,21273277,21273283,21273289,21273319,21273349,21273359,21273391,21273431,21273437,21273449,21273457,21273463,21273479,21273487,21273491,21273503,21273509,21273583,21273589,21273601,21273611,21273641,21273683,21273709,21273713,21273737,21273739,21273761,21273803
21273809,21273821,21273823,21273839,21273841,21273869,21273883,21273893,21273899,21273911,21273913,21273961,21273991,21273997,21274009,21274027,21274031,21274037,21274049,21274051,21274067,21274073,21274079,21274093,21274109,21274133,21274159,21274163,21274181,21274193,21274219,21274237,21274247,21274249,21274261,21274283,21274289,21274291,21274307,21274343,21274349,21274373,21274391,21274399,21274427,21274439,21274441,21274453,21274457,21274459
21274469,21274481,21274483,21274499,21274507,21274529,21274537,21274549,21274553,21274579,21274607,21274619,21274639,21274651,21274679,21274681,21274697,21274709,21274727,21274733,21274739,21274763,21274789,21274811,21274817,21274819,21274823,21274829,21274831,21274861,21274873,21274907,21274933,21274949,21274961,21274991,21274999,21275017,21275027,21275039,21275053,21275057,21275077,21275081,21275087,21275099,21275123,21275129,21275171,21275179
21275197,21275203,21275209,21275237,21275281,21275291,21275297,21275311,21275321,21275323,21275327,21275329,21275369,21275399,21275461,21275467,21275477,21275489,21275491,21275503,21275509,21275533,21275543,21275557,21275567,21275587,21275599,21275623,21275651,21275659,21275671,21275677,21275693,21275699,21275707,21275711,21275731,21275747,21275809,21275831,21275833,21275861,21275867,21275869,21275873,21275887,21275893,21275909,21275941,21275981
21275983,21276023,21276071,21276083,21276109,21276113,21276121,21276131,21276139,21276149,21276179,21276187,21276191,21276193,21276209,21276263,21276287,21276317,21276329,21276331,21276337,21276347,21276377,21276389,21276407,21276419,21276433,21276439,21276457,21276461,21276467,21276487,21276491,21276547,21276551,21276557,21276569,21276583,21276611,21276613,21276623,21276631,21276643,21276649,21276667,21276677,21276683,21276727,21276733,21276767
21276793,21276803,21276821,21276823,21276839,21276841,21276859,21276907,21276917,21276949,21276953,21276973,21277007,21277021,21277027,21277033,21277037,21277043,21277063,21277117,21277121,21277153,21277159,21277163,21277181,21277189,21277211,21277219,21277247,21277261,21277297,21277301,21277337,21277339,21277343,21277363,21277409,21277411,21277423,21277429,21277441,21277457,21277469,21277519,21277541,21277567,21277577,21277579,21277589,21277603
21277609,21277621,21277639,21277643,21277657,21277667,21277679,21277717,21277721,21277723,21277741,21277747,21277769,21277813,21277831,21277871,21277901,21277903,21277933,21277969,21277979,21277987,21278021,21278041,21278063,21278087,21278093,21278111,21278137,21278149,21278171,21278177,21278189,21278261,21278269,21278297,21278311,21278317,21278363,21278393,21278399,21278401,21278417,21278419,21278449,21278459,21278471,21278483,21278497,21278501
21278557,21278567,21278573,21278581,21278591,21278633,21278641,21278659,21278669,21278671,21278687,21278693,21278701,21278711,21278773,21278797,21278819,21278821,21278861,21278899,21278911,21278923,21278941,21278947,21278963,21278981,21279029,21279047,21279059,21279061,21279077,21279101,21279131,21279151,21279157,21279169,21279187,21279199,21279211,21279227,21279229,21279241,21279253,21279263,21279283,21279289,21279319,21279331,21279383,21279389
21279397,21279407,21279409,21279421,21279431,21279443,21279463,21279469,21279493,21279497,21279521,21279527,21279571,21279581,21279611,21279613,21279637,21279653,21279679,21279689,21279691,21279701,21279703,21279721,21279737,21279749,21279757,21279781,21279787,21279793,21279809,21279827,21279833,21279851,21279859,21279877,21279887,21279889,21279901,21279949,21279953,21279959,21280001,21280003,21280013,21280067,21280079,21280081,21280093,21280097
21280099,21280117,21280153,21280159,21280163,21280169,21280177,21280201,21280219,21280223,21280241,21280253,21280261,21280289,21280307,21280327,21280349,21280367,21280381,21280387,21280393,21280409,21280417,21280423,21280429,21280433,21280459,21280487,21280529,21280547,21280561,21280573,21280579,21280639,21280687,21280691,21280709,21280711,21280729,21280739,21280747,21280757,21280771,21280789,21280793,21280807,21280811,21280823,21280841,21280843
21280873,21280891,21280907,21280913,21280943,21280979,21280981,21280993,21280999,21281011,21281017,21281021,21281027,21281047,21281053,21281069,21281077,21281089,21281101,21281107,21281111,21281137,21281149,21281153,21281201,21281203,21281207,21281219,21281231,21281237,21281243,21281251,21281261,21281321,21281329,21281341,21281347,21281357,21281363,21281369,21281441,21281453,21281479,21281503,21281527,21281543,21281581,21281587,21281599,21281627
21281639,21281641,21281651,21281669,21281677,21281683,21281707,21281719,21281783,21281797,21281891,21281921,21281951,21281959,21281983,21281989,21282007,21282043,21282049,21282059,21282073,21282083,21282103,21282127,21282139,21282167,21282197,21282221,21282241,21282251,21282253,21282257,21282263,21282269,21282301,21282311,21282319,21282341,21282343,21282353,21282361,21282379,21282389,21282397,21282409,21282467,21282497,21282509,21282517,21282529
21282553,21282559,21282571,21282601,21282629,21282643,21282661,21282671,21282719,21282727,21282739,21282743,21282761,21282769,21282791,21282799,21282803,21282829,21282847,21282853,21282857,21282871,21282901,21282923,21282953,21282967,21282971,21282991,21283001,21283033,21283037,21283039,21283091,21283111,21283117,21283127,21283139,21283147,21283169,21283181,21283217,21283243,21283253,21283259,21283261,21283271,21283277,21283291,21283307,21283313
21283319,21283331,21283333,21283351,21283397,21283403,21283411,21283417,21283447,21283463,21283501,21283511,21283513,21283517,21283519,21283523,21283531,21283583,21283589,21283597,21283657,21283673,21283679,21283699,21283721,21283729,21283739,21283751,21283771,21283777,21283841,21283859,21283891,21283897,21283919,21283921,21283931,21283967,21283979,21283987,21284041,21284093,21284117,21284129,21284141,21284149,21284171,21284189,21284227,21284243
21284251,21284273,21284281,21284299,21284339,21284369,21284381,21284387,21284401,21284411,21284423,21284489,21284491,21284519,21284533,21284551,21284581,21284587,21284597,21284609,21284621,21284671,21284677,21284687,21284689,21284701,21284707,21284723,21284741,21284743,21284773,21284777,21284779,21284789,21284797,21284801,21284839,21284903,21284911,21284917,21284929,21284933,21284947,21284983,21284987,21284999,21285007,21285013,21285023,21285079
21285083,21285107,21285113,21285119,21285133,21285137,21285169,21285179,21285181,21285197,21285203,21285211,21285223,21285233,21285247,21285269,21285283,21285287,21285289,21285293,21285311,21285317,21285331,21285337,21285347,21285367,21285409,21285421,21285463,21285503,21285521,21285569,21285611,21285631,21285647,21285673,21285679,21285703,21285709,21285727,21285749,21285769,21285791,21285799,21285811,21285821,21285857,21285893,21285907,21285917
21285941,21285977,21286003,21286009,21286033,21286037,21286039,21286051,21286073,21286081,21286103,21286117,21286121,21286123,21286129,21286141,21286147,21286151,21286189,21286229,21286241,21286249,21286267,21286271,21286273,21286277,21286301,21286303,21286351,21286357,21286373,21286387,21286393,21286399,21286409,21286417,21286423,21286427,21286451,21286483,21286487,21286511,21286513,21286537,21286541,21286543,21286579,21286589,21286607,21286613
21286627,21286633,21286673,21286691,21286693,21286709,21286717,21286751,21286781,21286789,21286813,21286823,21286871,21286919,21286933,21286939,21286943,21286949,21286961,21286963,21286981,21286999,21287027,21287033,21287041,21287047,21287069,21287081,21287083,21287089,21287129,21287137,21287143,21287209,21287219,21287221,21287243,21287249,21287251,21287263,21287269,21287303,21287309,21287327,21287333,21287347,21287389,21287393,21287407,21287411
21287423,21287437,21287447,21287449,21287459,21287531,21287551,21287633,21287641,21287659,21287681,21287701,21287713,21287729,21287737,21287741,21287753,21287759,21287767,21287797,21287831,21287837,21287869,21287873,21287879,21287909,21287921,21287951,21287993,21288013,21288023,21288031,21288049,21288067,21288079,21288083,21288119,21288161,21288167,21288173,21288181,21288191,21288193,21288217,21288221,21288259,21288343,21288347,21288353,21288359
21288419,21288461,21288473,21288481,21288499,21288503,21288517,21288529,21288551,21288559,21288571,21288577,21288601,21288623,21288637,21288671,21288691,21288703,21288713,21288733,21288739,21288749,21288763,21288767,21288779,21288829,21288833,21288851,21288857,21288863,21288893,21288901,21288907,21288923,21288931,21288937,21288959,21288973,21288983,21288989,21288991,21288997,21289001,21289027,21289031,21289057,21289069,21289091,21289123,21289153
21289181,21289187,21289189,21289201,21289211,21289249,21289259,21289271,21289273,21289297,21289337,21289361,21289369,21289381,21289399,21289409,21289439,21289447,21289453,21289459,21289493,21289511,21289523,21289531,21289547,21289573,21289579,21289603,21289613,21289643,21289669,21289679,21289691,21289693,21289703,21289733,21289739,21289753,21289757,21289769,21289781,21289811,21289813,21289817,21289819,21289841,21289843,21289867,21289871,21289883
21289889,21289907,21289913,21289949,21289969,21289981,21289993,21289999,21290021,21290039,21290083,21290119,21290141,21290161,21290167,21290173,21290189,21290219,21290303,21290323,21290351,21290371,21290411,21290417,21290419,21290441,21290447,21290449,21290501,21290509,21290519,21290531,21290537,21290551,21290567,21290569,21290593,21290597,21290609,21290623,21290629,21290641,21290653,21290693,21290701,21290729,21290743,21290747,21290761,21290777
21290779,21290813,21290839,21290903,21290921,21290923,21290933,21290999,21291007,21291019,21291029,21291091,21291097,21291113,21291119,21291139,21291161,21291197,21291217,21291239,21291247,21291269,21291287,21291301,21291311,21291337,21291359,21291367,21291373,21291383,21291397,21291427,21291437,21291449,21291467,21291499,21291503,21291509,21291511,21291521,21291547,21291593,21291643,21291661,21291671,21291689,21291719,21291727,21291731,21291749
21291757,21291821,21291827,21291839,21291847,21291883,21291889,21291899,21291929,21291937,21291943,21291961,21291967,21291971,21292013,21292021,21292031,21292039,21292067,21292091,21292099,21292147,21292153,21292163,21292171,21292189,21292231,21292241,21292253,21292277,21292283,21292289,21292291,21292303,21292307,21292309,21292343,21292357,21292361,21292367,21292391,21292393,21292417,21292423,21292429,21292433,21292441,21292471,21292487,21292507
21292519,21292541,21292543,21292553,21292561,21292577,21292589,21292613,21292631,21292639,21292657,21292669,21292681,21292717,21292729,21292751,21292759,21292771,21292781,21292813,21292819,21292837,21292847,21292867,21292897,21292913,21292919,21292937,21292967,21292969,21292979,21293003,21293011,21293017,21293023,21293029,21293033,21293039,21293057,21293081,21293089,21293099,21293117,21293119,21293131,21293141,21293191,21293257,21293263,21293273
21293317,21293329,21293341,21293347,21293351,21293353,21293387,21293399,21293407,21293429,21293431,21293483,21293521,21293563,21293579,21293599,21293633,21293647,21293659,21293663,21293693,21293711,21293717,21293747,21293761,21293777,21293803,21293861,21293887,21293903,21293939,21293947,21293953,21293957,21293959,21293971,21293977,21293983,21293989,21294001,21294029,21294089,21294101,21294109,21294121,21294127,21294139,21294151,21294187,21294199
21294233,21294239,21294253,21294263,21294271,21294283,21294289,21294341,21294347,21294359,21294373,21294401,21294419,21294451,21294487,21294491,21294517,21294541,21294571,21294577,21294587,21294617,21294629,21294631,21294641,21294653,21294709,21294719,21294731,21294773,21294797,21294821,21294827,21294841,21294853,21294857,21294859,21294881,21294893,21294907,21294913,21294937,21294989,21295013,21295037,21295051,21295073,21295111,21295117,21295133
21295151,21295159,21295177,21295187,21295201,21295207,21295231,21295249,21295259,21295273,21295289,21295291,21295301,21295303,21295321,21295349,21295361,21295369,21295399,21295411,21295459,21295489,21295507,21295513,21295529,21295537,21295553,21295579,21295583,21295591,21295601,21295607,21295627,21295639,21295643,21295663,21295697,21295709,21295717,21295721,21295727,21295777,21295783,21295801,21295817,21295819,21295829,21295837,21295843,21295871
21295913,21295961,21295997,21296021,21296027,21296047,21296083,21296111,21296117,21296129,21296159,21296161,21296173,21296203,21296263,21296269,21296273,21296281,21296323,21296333,21296357,21296369,21296371,21296399,21296417,21296437,21296449,21296453,21296467,21296477,21296489,21296491,21296501,21296533,21296537,21296617,21296633,21296647,21296651,21296669,21296677,21296707,21296713,21296731,21296749,21296761,21296773,21296791,21296797,21296809
21296839,21296857,21296861,21296879,21296909,21296921,21296939,21296981,21296983,21296987,21296993,21297013,21297019,21297037,21297041,21297047,21297071,21297109,21297121,21297131,21297137,21297139,21297151,21297161,21297193,21297203,21297247,21297257,21297259,21297293,21297313,21297317,21297319,21297329,21297337,21297371,21297383,21297431,21297457,21297469,21297487,21297509,21297539,21297541,21297553,21297557,21297559,21297569,21297631,21297641
21297659,21297667,21297673,21297691,21297733,21297751,21297763,21297767,21297779,21297791,21297797,21297811,21297817,21297851,21297853,21297863,21297869,21297907,21297929,21297937,21297949,21297953,21297973,21297979,21298001,21298021,21298033,21298073,21298091,21298099,21298117,21298141,21298153,21298159,21298169,21298171,21298177,21298181,21298187,21298217,21298241,21298283,21298307,21298309,21298327,21298339,21298349,21298357,21298363,21298369
21298397,21298427,21298439,21298447,21298471,21298489,21298493,21298517,21298531,21298559,21298561,21298573,21298583,21298681,21298687,21298691,21298723,21298741,21298747,21298751,21298757,21298769,21298787,21298799,21298819,21298859,21298861,21298873,21298877,21298883,21298903,21298931,21298987,21298999,21299009,21299017,21299029,21299041,21299051,21299053,21299063,21299071,21299093,21299101,21299119,21299129,21299141,21299143,21299149,21299153
21299167,21299221,21299231,21299251,21299261,21299273,21299279,21299281,21299303,21299321,21299329,21299371,21299381,21299393,21299407,21299417,21299423,21299461,21299471,21299489,21299533,21299549,21299557,21299561,21299591,21299599,21299611,21299639,21299647,21299669,21299687,21299701,21299713,21299737,21299783,21299791,21299807,21299809,21299813,21299843,21299851,21299857,21299897,21299923,21299947,21299953,21299959,21299983,21299987,21300029
21300061,21300077,21300089,21300101,21300113,21300119,21300127,21300137,21300143,21300173,21300187,21300199,21300203,21300233,21300287,21300289,21300319,21300341,21300343,21300359,21300401,21300403,21300421,21300431,21300467,21300479,21300481,21300491,21300509,21300527,21300551,21300557,21300571,21300583,21300619,21300649,21300659,21300673,21300679,21300733,21300749,21300757,21300791,21300833,21300869,21300901,21300907,21300941,21300943,21300959
21300973,21300989,21300997,21301031,21301043,21301057,21301069,21301073,21301081,21301087,21301097,21301157,21301193,21301201,21301219,21301229,21301253,21301277,21301279,21301321,21301331,21301339,21301361,21301363,21301403,21301409,21301411,21301421,21301439,21301463,21301471,21301507,21301523,21301549,21301571,21301589,21301613,21301691,21301711,21301723,21301733,21301741,21301757,21301759,21301769,21301783,21301801,21301823,21301843,21301849
21301853,21301859,21301873,21301877,21301937,21301949,21301957,21301967,21301997,21302027,21302051,21302063,21302081,21302093,21302111,21302123,21302129,21302143,21302147,21302161,21302189,21302191,21302219,21302221,21302227,21302251,21302261,21302273,21302279,21302291,21302293,21302299,21302321,21302371,21302387,21302389,21302399,21302419,21302447,21302459,21302483,21302507,21302509,21302527,21302539,21302551,21302557,21302569,21302579,21302597
21302651,21302653,21302663,21302681,21302707,21302731,21302741,21302753,21302777,21302779,21302783,21302789,21302833,21302837,21302881,21302893,21302909,21302923,21302927,21302947,21302993,21303011,21303031,21303041,21303059,21303109,21303127,21303131,21303137,21303143,21303187,21303203,21303209,21303229,21303241,21303257,21303259,21303283,21303301,21303311,21303319,21303341,21303349,21303407,21303409,21303421,21303467,21303473,21303481,21303511
21303523,21303571,21303577,21303587,21303599,21303629,21303631,21303649,21303671,21303673,21303679,21303691,21303697,21303707,21303713,21303757,21303781,21303787,21303797,21303817,21303833,21303847,21303853,21303857,21303901,21303917,21303943,21303967,21303973,21303979,21304001,21304027,21304061,21304069,21304079,21304081,21304093,21304097,21304109,21304117,21304121,21304139,21304147,21304219,21304237,21304253,21304271,21304273,21304277,21304289
21304291,21304319,21304321,21304333,21304351,21304373,21304397,21304427,21304441,21304447,21304457,21304469,21304477,21304499,21304501,21304511,21304537,21304561,21304579,21304597,21304603,21304627,21304639,21304667,21304697,21304709,21304721,21304747,21304753,21304783,21304793,21304807,21304817,21304847,21304867,21304873,21304889,21304891,21304897,21304919,21304931,21304949,21304951,21304963,21304973,21304979,21304991,21305003,21305027,21305047
21305059,21305071,21305101,21305113,21305149,21305159,21305173,21305191,21305203,21305209,21305231,21305237,21305239,21305257,21305261,21305279,21305293,21305309,21305321,21305341,21305351,21305357,21305399,21305413,21305419,21305423,21305461,21305483,21305497,21305507,21305513,21305533,21305551,21305563,21305569,21305611,21305639,21305651,21305657,21305663,21305671,21305681,21305689,21305699,21305719,21305729,21305737,21305741,21305761,21305789
21305839,21305857,21305891,21305909,21305917,21305929,21305939,21305983,21305989,21306023,21306079,21306091,21306143,21306149,21306167,21306169,21306179,21306193,21306209,21306217,21306227,21306247,21306281,21306283,21306289,21306293,21306301,21306317,21306343,21306359,21306407,21306431,21306433,21306473,21306479,21306539,21306541,21306547,21306587,21306617,21306707,21306713,21306739,21306743,21306749,21306811,21306823,21306869,21306881,21306913
21306953,21306979,21306983,21306997,21307043,21307049,21307057,21307081,21307093,21307109,21307123,21307127,21307133,21307183,21307193,21307229,21307243,21307271,21307283,21307333,21307339,21307367,21307369,21307381,21307397,21307399,21307411,21307421,21307423,21307441,21307457,21307469,21307487,21307519,21307529,21307549,21307553,21307589,21307609,21307669,21307687,21307753,21307771,21307807,21307813,21307829,21307841,21307859,21307877,21307879
21307889,21307901,21307903,21307931,21307939,21307963,21307973,21307991,21307999,21308003,21308017,21308029,21308047,21308057,21308059,21308081,21308107,21308137,21308141,21308149,21308153,21308167,21308201,21308207,21308213,21308219,21308299,21308303,21308311,21308347,21308351,21308369,21308383,21308389,21308393,21308431,21308467,21308471,21308477,21308509,21308527,21308543,21308579,21308611,21308629,21308653,21308659,21308663,21308681,21308689
21308711,21308723,21308731,21308753,21308759,21308767,21308789,21308801,21308831,21308867,21308887,21308891,21308897,21308921,21308927,21308933,21308941,21308953,21308957,21308981,21308983,21308993,21308999,21309019,21309023,21309061,21309103,21309107,21309133,21309179,21309193,21309221,21309257,21309259,21309263,21309289,21309319,21309331,21309341,21309383,21309397,21309401,21309433,21309437,21309487,21309511,21309527,21309529,21309571,21309601
21309611,21309623,21309643,21309647,21309667,21309671,21309683,21309689,21309703,21309713,21309733,21309787,21309793,21309829,21309839,21309859,21309877,21309907,21309913,21309973,21309991,21309997,21310007,21310021,21310043,21310049,21310057,21310063,21310073,21310097,21310117,21310139,21310141,21310147,21310181,21310189,21310193,21310199,21310207,21310243,21310253,21310271,21310279,21310297,21310301,21310309,21310319,21310321,21310337,21310417
21310433,21310439,21310451,21310453,21310459,21310477,21310493,21310517,21310519,21310561,21310577,21310591,21310603,21310607,21310613,21310637,21310643,21310649,21310651,21310657,21310661,21310669,21310739,21310747,21310753,21310771,21310801,21310813,21310819,21310841,21310847,21310871,21310889,21310901,21310909,21310921,21310937,21310957,21310999,21311033,21311051,21311053,21311057,21311071,21311077,21311107,21311111,21311113,21311117,21311123
21311137,21311161,21311177,21311219,21311237,21311249,21311261,21311347,21311393,21311399,21311413,21311417,21311429,21311443,21311447,21311453,21311467,21311471,21311497,21311503,21311527,21311599,21311603,21311611,21311621,21311623,21311629,21311683,21311701,21311729,21311737,21311747,21311767,21311809,21311813,21311837,21311861,21311893,21311903,21311933,21311951,21311957,21311959,21311981,21311987,21312001,21312017,21312019,21312023,21312059
21312077,21312079,21312107,21312113,21312121,21312149,21312163,21312173,21312223,21312229,21312233,21312257,21312289,21312293,21312299,21312323,21312337,21312341,21312427,21312437,21312439,21312449,21312457,21312461,21312463,21312493,21312517,21312523,21312539,21312587,21312619,21312631,21312647,21312671,21312673,21312677,21312721,21312727,21312751,21312763,21312787,21312793,21312829,21312833,21312871,21312877,21312887,21312911,21312913,21312923
21312959,21312961,21312979,21313001,21313021,21313037,21313063,21313091,21313093,21313129,21313133,21313181,21313199,21313207,21313241,21313247,21313283,21313297,21313301,21313333,21313343,21313349,21313361,21313363,21313373,21313379,21313429,21313447,21313451,21313469,21313483,21313493,21313531,21313541,21313543,21313547,21313577,21313609,21313657,21313673,21313679,21313693,21313697,21313729,21313741,21313759,21313769,21313793,21313807,21313829
21313837,21313841,21313861,21313867,21313909,21313913,21313931,21313933,21313951,21313979,21313993,21313997,21314011,21314053,21314087,21314149,21314177,21314179,21314191,21314203,21314207,21314221,21314231,21314233,21314269,21314273,21314287,21314291,21314297,21314299,21314303,21314327,21314357,21314387,21314393,21314401,21314411,21314417,21314431,21314443,21314473,21314497,21314543,21314551,21314567,21314569,21314603,21314609,21314611,21314647
21314653,21314659,21314663,21314687,21314729,21314731,21314743,21314749,21314771,21314773,21314779,21314819,21314831,21314837,21314857,21314861,21314893,21314927,21314929,21314933,21314947,21314999,21315001,21315013,21315023,21315031,21315037,21315053,21315061,21315067,21315079,21315083,21315097,21315101,21315109,21315137,21315139,21315163,21315167,21315187,21315211,21315221,21315223,21315241,21315247,21315251,21315253,21315269,21315271,21315289
21315341,21315353,21315373,21315389,21315391,21315421,21315439,21315443,21315451,21315491,21315509,21315517,21315521,21315557,21315563,21315571,21315583,21315599,21315607,21315611,21315643,21315647,21315649,21315661,21315689,21315709,21315719,21315761,21315793,21315797,21315799,21315803,21315821,21315823,21315883,21315893,21315919,21315923,21315947,21315961,21315989,21315997,21316021,21316027,21316037,21316063,21316091,21316109,21316133,21316153
21316177,21316199,21316201,21316223,21316231,21316237,21316277,21316279,21316297,21316307,21316319,21316349,21316369,21316391,21316397,21316417,21316459,21316481,21316483,21316501,21316507,21316513,21316531,21316553,21316579,21316583,21316591,21316609,21316619,21316639,21316643,21316661,21316663,21316667,21316693,21316721,21316723,21316739,21316741,21316751,21316753,21316783,21316819,21316831,21316849,21316859,21316891,21316903,21316987,21317003
21317017,21317027,21317029,21317033,21317039,21317041,21317081,21317083,21317129,21317141,21317147,21317209,21317213,21317249,21317267,21317327,21317357,21317377,21317419,21317423,21317437,21317441,21317447,21317479,21317509,21317521,21317531,21317539,21317623,21317627,21317651,21317669,21317683,21317689,21317719,21317729,21317749,21317759,21317833,21317851,21317861,21317873,21317887,21317897,21317899,21317921,21317927,21317951,21317977,21318007
21318047,21318091,21318109,21318149,21318181,21318191,21318203,21318211,21318223,21318257,21318287,21318299,21318313,21318317,21318337,21318343,21318377,21318379,21318397,21318403,21318439,21318443,21318449,21318461,21318469,21318481,21318487,21318511,21318533,21318541,21318599,21318643,21318653,21318659,21318691,21318709,21318727,21318733,21318761,21318763,21318767,21318821,21318839,21318859,21318863,21318877,21318881,21318889,21318911,21318923
21318937,21318949,21318959,21318961,21318967,21318977,21318991,21319027,21319033,21319061,21319063,21319087,21319093,21319097,21319127,21319169,21319171,21319211,21319219,21319223,21319261,21319279,21319283,21319301,21319307,21319373,21319381,21319421,21319433,21319451,21319453,21319457,21319471,21319477,21319481,21319483,21319489,21319499,21319523,21319531,21319541,21319567,21319603,21319607,21319609,21319633,21319663,21319673,21319687,21319693
21319699,21319703,21319741,21319747,21319757,21319759,21319763,21319769,21319777,21319783,21319789,21319813,21319817,21319849,21319889,21319937,21319979,21319981,21319997,21320021,21320051,21320053,21320059,21320081,21320083,21320099,21320107,21320183,21320197,21320203,21320209,21320213,21320239,21320267,21320297,21320311,21320317,21320323,21320401,21320407,21320447,21320479,21320491,21320513,21320531,21320543,21320557,21320581,21320639,21320683
21320743,21320749,21320801,21320813,21320821,21320833,21320837,21320851,21320863,21320867,21320879,21320881,21320911,21320921,21320947,21320969,21320987,21321019,21321031,21321067,21321089,21321101,21321121,21321133,21321169,21321187,21321191,21321193,21321197,21321199,21321203,21321217,21321263,21321277,21321283,21321301,21321331,21321337,21321341,21321359,21321367,21321379,21321407,21321431,21321449,21321481,21321493,21321497,21321499,21321523
21321527,21321539,21321551,21321557,21321563,21321577,21321581,21321589,21321617,21321623,21321647,21321661,21321683,21321709,21321733,21321749,21321779,21321803,21321809,21321821,21321829,21321841,21321869,21321887,21321889,21321899,21321917,21321919,21321929,21321941,21321947,21321959,21321967,21321977,21321983,21321991,21322003,21322019,21322031,21322043,21322051,21322057,21322073,21322099,21322117,21322129,21322139,21322181,21322201,21322207
21322229,21322241,21322277,21322289,21322291,21322297,21322307,21322319,21322331,21322361,21322381,21322391,21322417,21322439,21322463,21322481,21322487,21322493,21322547,21322571,21322601,21322621,21322661,21322681,21322687,21322703,21322723,21322729,21322757,21322781,21322793,21322799,21322849,21322871,21322891,21322901,21322937,21322963,21322991,21322999,21323011,21323021,21323053,21323059,21323069,21323077,21323087,21323089,21323129,21323153
21323161,21323167,21323177,21323189,21323191,21323209,21323261,21323273,21323293,21323297,21323311,21323371,21323417,21323441,21323473,21323479,21323503,21323509,21323513,21323521,21323527,21323531,21323591,21323609,21323611,21323633,21323641,21323647,21323651,21323663,21323669,21323689,21323693,21323707,21323711,21323713,21323717,21323747,21323749,21323761,21323773,21323789,21323843,21323857,21323873,21323879,21323881,21323893,21323941,21323959
21323963,21323971,21323983,21323989,21323999,21324011,21324031,21324047,21324053,21324089,21324097,21324101,21324109,21324113,21324119,21324139,21324143,21324161,21324181,21324203,21324221,21324227,21324253,21324257,21324263,21324283,21324287,21324301,21324313,21324361,21324389,21324419,21324421,21324451,21324463,21324467,21324481,21324487,21324491,21324503,21324509,21324529,21324533,21324539,21324553,21324557,21324571,21324619,21324629,21324661
21324671,21324701,21324713,21324727,21324733,21324739,21324761,21324769,21324781,21324791,21324803,21324847,21324857,21324871,21324881,21324883,21324893,21324923,21324937,21324943,21324949,21324971,21324977,21324983,21325013,21325037,21325093,21325099,21325147,21325151,21325177,21325189,21325217,21325219,21325279,21325307,21325313,21325319,21325331,21325349,21325387,21325397,21325433,21325441,21325457,21325471,21325477,21325487,21325501,21325511
21325553,21325567,21325583,21325589,21325597,21325607,21325637,21325651,21325673,21325687,21325693,21325739,21325757,21325819,21325891,21325897,21325903,21325919,21325943,21325957,21326017,21326021,21326069,21326077,21326089,21326099,21326101,21326111,21326119,21326131,21326161,21326213,21326219,21326231,21326309,21326351,21326363,21326387,21326411,21326413,21326429,21326441,21326477,21326479,21326527,21326537,21326561,21326563,21326573,21326587
21326593,21326609,21326621,21326623,21326633,21326639,21326647,21326659,21326663,21326699,21326707,21326713,21326743,21326749,21326771,21326779,21326807,21326821,21326849,21326863,21326897,21326917,21326939,21326941,21326951,21326953,21326989,21327001,21327013,21327043,21327067,21327071,21327073,21327091,21327107,21327109,21327149,21327157,21327181,21327199,21327203,21327211,21327221,21327223,21327227,21327259,21327263,21327289,21327301,21327307
21327343,21327353,21327389,21327407,21327451,21327511,21327517,21327521,21327533,21327541,21327563,21327569,21327583,21327587,21327589,21327599,21327611,21327617,21327629,21327637,21327653,21327689,21327701,21327727,21327751,21327781,21327791,21327793,21327797,21327821,21327829,21327833,21327841,21327853,21327863,21327869,21327883,21327893,21327919,21327931,21327941,21327953,21327961,21327973,21327983,21327991,21327997,21328001,21328003,21328007
21328019,21328057,21328067,21328103,21328117,21328157,21328163,21328171,21328189,21328193,21328201,21328213,21328247,21328273,21328277,21328283,21328289,21328303,21328309,21328327,21328339,21328367,21328379,21328381,21328399,21328409,21328423,21328451,21328501,21328537,21328561,21328597,21328603,21328609,21328633,21328639,21328649,21328661,21328663,21328667,21328669,21328673,21328729,21328753,21328763,21328781,21328787,21328799,21328819,21328823
21328873,21328907,21328919,21328927,21328943,21328969,21328987,21329003,21329029,21329041,21329047,21329051,21329069,21329081,21329107,21329129,21329141,21329159,21329167,21329177,21329207,21329263,21329299,21329311,21329377,21329401,21329431,21329437,21329459,21329489,21329507,21329513,21329527,21329557,21329569,21329573,21329603,21329629,21329639,21329641,21329663,21329683,21329699,21329719,21329773,21329783,21329801,21329821,21329827,21329839
21329843,21329851,21329879,21329899,21329909,21329911,21329923,21329927,21329929,21329939,21329969,21329981,21329983,21329999,21330047,21330059,21330073,21330083,21330097,21330119,21330149,21330157,21330161,21330163,21330251,21330259,21330271,21330299,21330311,21330313,21330347,21330367,21330371,21330377,21330383,21330391,21330403,21330443,21330467,21330469,21330473,21330481,21330487,21330497,21330503,21330581,21330593,21330607,21330629,21330641
21330649,21330679,21330737,21330761,21330781,21330791,21330797,21330817,21330823,21330839,21330853,21330887,21330889,21330899,21330929,21330941,21330949,21330983,21331001,21331021,21331043,21331049,21331067,21331081,21331103,21331109,21331127,21331133,21331147,21331157,21331181,21331183,21331187,21331201,21331217,21331267,21331283,21331309,21331313,21331333,21331339,21331361,21331363,21331369,21331399,21331451,21331459,21331469,21331477,21331487
21331523,21331537,21331543,21331567,21331589,21331621,21331637,21331643,21331657,21331663,21331669,21331679,21331693,21331729,21331777,21331781,21331789,21331819,21331823,21331829,21331831,21331847,21331867,21331873,21331897,21331901,21331903,21331963,21331993,21332009,21332029,21332053,21332057,21332071,21332089,21332119,21332141,21332153,21332159,21332183,21332189,21332209,21332221,21332251,21332261,21332329,21332347,21332351,21332357,21332359
21332369,21332393,21332401,21332417,21332419,21332471,21332503,21332527,21332537,21332551,21332561,21332567,21332579,21332621,21332629,21332651,21332653,21332693,21332711,21332761,21332771,21332791,21332797,21332813,21332819,21332821,21332837,21332879,21332881,21332897,21332921,21332939,21332959,21332963,21333007,21333019,21333023,21333047,21333049,21333073,21333077,21333089,21333097,21333107,21333133,21333139,21333163,21333187,21333197,21333199
21333251,21333271,21333329,21333353,21333413,21333437,21333439,21333451,21333467,21333491,21333509,21333511,21333539,21333569,21333607,21333617,21333619,21333649,21333659,21333661,21333677,21333679,21333701,21333707,21333727,21333761,21333769,21333773,21333779,21333839,21333847,21333863,21333877,21333881,21333883,21333887,21333901,21333919,21333947,21333967,21333971,21333973,21334007,21334039,21334067,21334123,21334153,21334171,21334189,21334213
21334217,21334219,21334241,21334253,21334319,21334333,21334373,21334387,21334427,21334433,21334447,21334451,21334463,21334487,21334499,21334559,21334561,21334613,21334631,21334657,21334669,21334717,21334721,21334723,21334759,21334763,21334787,21334849,21334867,21334889,21334909,21334919,21334927,21334969,21334979,21334987,21334997,21335023,21335029,21335033,21335057,21335063,21335071,21335101,21335107,21335113,21335117,21335123,21335137,21335141
21335143,21335173,21335179,21335207,21335219,21335231,21335257,21335261,21335263,21335311,21335339,21335351,21335359,21335389,21335411,21335437,21335449,21335453,21335477,21335497,21335507,21335519,21335549,21335557,21335563,21335581,21335591,21335593,21335597,21335617,21335623,21335641,21335647,21335683,21335711,21335747,21335749,21335759,21335761,21335771,21335777,21335779,21335801,21335813,21335819,21335827,21335849,21335857,21335861,21335863
21335887,21335891,21335893,21335911,21335953,21335981,21335983,21335999,21336001,21336017,21336047,21336061,21336103,21336131,21336137,21336151,21336179,21336181,21336187,21336191,21336197,21336223,21336233,21336239,21336251,21336253,21336283,21336307,21336317,21336323,21336331,21336349,21336389,21336391,21336407,21336409,21336467,21336473,21336503,21336521,21336529,21336541,21336551,21336559,21336569,21336589,21336613,21336647,21336671,21336697
21336713,21336739,21336761,21336787,21336803,21336839,21336869,21336881,21336907,21336961,21337003,21337037,21337061,21337081,21337087,21337093,21337103,21337109,21337117,21337153,21337157,21337163,21337177,21337181,21337213,21337219,21337231,21337237,21337241,21337273,21337279,21337297,21337367,21337369,21337439,21337447,21337457,21337471,21337487,21337489,21337529,21337531,21337541,21337553,21337571,21337607,21337621,21337633,21337637,21337643
21337717,21337733,21337759,21337777,21337781,21337783,21337801,21337837,21337867,21337891,21337913,21337957,21338003,21338039,21338059,21338063,21338099,21338101,21338131,21338143,21338153,21338183,21338189,21338237,21338243,21338257,21338267,21338293,21338299,21338321,21338333,21338347,21338357,21338431,21338437,21338441,21338467,21338477,21338479,21338507,21338521,21338531,21338533,21338543,21338561,21338563,21338579,21338591,21338599,21338609
